Michelle Smith,Admin
Ryan Lopez,Admin
Courtney Carlson,Admin
Mrs. Courtney Berger DDS,Admin
Kevin Cabrera,Admin
Vincent Ray,HR
Justin Duran,HR
Tiffany Moore,HR
Michael Diaz,HR
Amy White,HR
Jocelyn Brown,Employee
Matthew Cooper,Employee
Denise Lee,Employee
Matthew Chang,Employee
Philip Vance,Employee
Mandy Baldwin,Employee
Nicholas Hodge,Employee
Casey Liu,Employee
Stacy Hicks,Employee
Donna Wilcox,Employee
Angela Jackson,Employee
Crystal Brown,Employee
Tara Heath,Employee
Amy Padilla,Employee
Bradley Johnson,Employee
Susan Boyd,Employee
Patricia Smith,Employee
James Oneill,Employee
Ricky Higgins,Employee
James Green,Employee
Mrs. Michelle Schneider,Employee
Joseph Burton,Employee
Anthony Mcgee,Employee
Pamela Lin,Employee
Cheryl Mckenzie,Employee
Nicole Mcguire,Employee
Ruth Vincent,Employee
Eric Bishop,Employee
Luis Black,Employee
Cassandra Hardy,Employee
Michael Hardy,Employee
Nicholas Reyes,Employee
Benjamin Norman,Employee
Angela Garza,Employee
Daniel Velazquez,Employee
Donald Johnson,Employee
Vanessa Allen,Employee
Bradley Barry,Employee
Lisa Phillips,Employee
Alexander Medina,Employee
Brian Smith,Employee
Dawn Richards,Employee
James George,Employee
Gina Buck,Employee
William Davis,Employee
Austin Fleming,Employee
Javier Jones,Employee
Rebecca Mason,Employee
Thomas Allen,Employee
Mike Walker,Employee
Daniel Vance,Employee
Stephanie Thomas,Employee
Gregory Miller,Employee
Michaela Atkinson,Employee
Elizabeth Delgado,Employee
Kristopher Ball,Employee
Stacy Wright,Employee
Stanley Hopkins,Employee
Daniel Navarro,Employee
Benjamin Thompson,Employee
Jimmy Lopez,Employee
Lindsey Copeland,Employee
Ashley Castro,Employee
Patricia Thompson,Employee
John Cook,Employee
Angel King,Employee
Wendy Cabrera,Employee
Jason Maxwell,Employee
Brianna Coleman,Employee
Katelyn Oconnor,Employee
Nichole Long,Employee
Christopher West,Employee
Hannah Davila,Employee
Chloe Martinez,Employee
Jennifer Holmes,Employee
Megan Best,Employee
Christine Burke,Employee
Lisa Young,Employee
Taylor Cox,Employee
Joseph Coleman,Employee
Brittney Anderson,Employee
Theresa King,Employee
Kenneth Trujillo,Employee
Adam Ellis,Employee
William Johnson,Employee