username,password,token,group
Janet_Kline,pjrJNWSKPIag,47d55a0b666b0e12da9f7a0ce8dddcfba56008ed,Employee
Deborah_Gilbert,ZrxfTeYJxhIj,08d2d7e59a2519c863b1cd3e3cc8a423101c80f3,Employee
Mr._Frank_Flores,owbVYU6rWIQ9,7b7fe688efef2f32404e8bb78fa8b2bf28d153a9,Employee
Henry_Smith,B490tlzjwo52,87cde38b57b86d4fbd81829dd54e97d6fa82f8ff,Employee
Mary_Marshall,fypCNlebdYYW,eae3afc3894cc77fe2c81c7e3736c8bc77f60dc1,Employee
Christopher_Ruiz,2x8TpI4MyccD,c6f97c2b0a280accf5f726df669bbd3295dfdcb1,Employee
Melissa_Ferguson,umlwV5XHvOy5,ce9aee181342b4d261d49d9c9fa11bedacdd80fb,Employee
Shannon_Washington,W6eAm5EnjeyM,7dc4a9ad0bb6daef674715b1b4523e5244ecd280,Employee
Tina_Chan,VVGtBp9mLJCm,c64b1c2a4ba166c1e0a85bc70f860b0cc164cfe0,Employee
Bryan_Rogers,dn8Pgiwl9a5J,a1428413602b4c586fc912dfe66f9a227d168912,Employee
Dennis_Kidd,LK00Ek6y6Fmr,291b9056601aecd97084d4eda5df8dc0c801d260,Employee
Karen_Ryan,u78KpZkyv2B9,708fd63c14dbb3f10f48598e51829c0d9b148abd,Employee
John_Morse,XI0VQEjAfSwI,39e9b0112655da892fba7559236c8a63928e9a1a,Employee
Micheal_Smith,peoxMkltKG3w,0f4399de8980a2f93647ce895aeeb2735a27af01,Employee
Ashley_Mccarthy,4vrmWsRZKzKf,4911644a85c49f46354ec8269ac09a9be9b5d80a,Employee
Linda_Campos,7bMkoCPGSvsg,1293f8dc2e091fd9017d5b2858e638ef794cb2ae,Employee
Richard_Lambert,02ybmJTYYmeg,36d348d1e57197f7822bae7ed92be81fde875a68,Employee
Jesse_Ward,1RYCiT0SqzVq,cef0729ed776dce67a0de2f9bcd69bfc2e5c13fe,Employee
Jessica_Cole,D17fdSz8dbnY,f656022f47a338746d182d9ac6816db31b8ea0f6,Employee
Cheryl_Taylor,VHsehUBuLRrq,7e232bc267e3dcce2f8b70da7b3a4614d432be38,Employee
Brian_Mccarty,Yx8DjY9vqPi2,7d7ce62d053ca6fb9d4c95027690f163f3a69de2,Employee
Jennifer_Goodwin,5fw10Gxx0CyK,bee92286cbcd7a5841262bed16477d6527e3498a,Employee
Jonathan_Gibson,zxPPoBSyMP54,7125ad9b88e8fd3ea1a42494369abbe65f45599a,Employee
Nicole_Mccall,Nlw3VUsdduGg,8bcb2284b50f3bcfc25041a7490b7a08b47ae855,Employee
Christopher_Conley,6Oif0O7Dzm2v,892a1a5fe55738c12fcb8edcce8856a3f2fc3d2b,Employee
Justin_Cox,Hcv2PJGTczKn,8a19aa938f7d65239a908992847956fd53be38e4,Employee
Melanie_Mccoy,A4Rkbuirm8WN,63503421ca722fd0573caec088ca5a2b4b479232,Employee
Luke_Gallagher,gTgOaTLa3IwT,39bc06ccdef7a32864433c308c4b8768fa216f42,Employee
Emily_Stevens,drbXZ4tlnFmk,83b932181657b286606348c4745315de55cf49f5,Employee
Jeanne_Jackson,crs8oxrUe8pH,ee7ed33daa98e4052f8d972f22cccb80a7b6cba4,Employee
Steven_Ramirez,TimxLIg9EvJd,0a9a7e151556bfd09bae6413bba6e8f7149c2c21,Employee
Lisa_Moore,D7wVTa0Nj3ey,81c4c6bef866175436653c852e101e1490f9d816,Employee
Karen_Allen,7AKpHUGMsUJD,b21f6132cc4788a4258c42db4c18f85783ed6e5b,Employee
Brandy_Clark,kqgwJbUpRxND,3315f51ebae9d2c85dedfd19cc3115e00841cbf1,Employee
Brandon_Thompson,DjxCG5fOo2O2,50b99906f008249b72f7fb750b1a3aa387b7c2c8,Employee
Zoe_Murray,2fZ5i4As7nzN,fd3a7c2b238d95d79d36890cdc4e3689647c8f77,Employee
Beth_Stevenson,Fx7brIzsyeqd,ba06343e3eac68e41345c39855297f94ec311b39,Employee
Tiffany_Wall_DVM,ZpOjzIDZ82G9,baeae9db2eaa245f901bec62370ee065ad21e6e8,Employee
Savannah_Burns,y539nvuiZPQH,7c9825d4e8ab2948c3a95bf1c699981855b5c503,Employee
Jaime_Murray,I7CTZ4uB9YLz,8110a7f2c112b90e53ba8ebbbbb37a52c2fb9006,Employee
Thomas_Sims,mYZOl8er79WB,5fb81abf160cd2d4229e69bf3d3a1d8a87c02ccc,Employee
Barry_Rogers,893GqtvbJR6S,b0467d4f4169cf0bc0949d620ac24a6f84cba862,Employee
Denise_Henderson,DyPQte77lCUw,e85814eefeb4856efa4317d6f0be4d497c63698f,Employee
Gloria_Young,hTABrEeUOU8S,4663b0fa702de20985589df34fb0bc7fa4399077,Employee
Michael_Lyons,Hbj4bW1FDWKN,42f6dda275ae3dcd03984b13367eafdd875d8f63,Employee
Amber_Tran,0ZLBn8HbmrIy,63137dc47933cbea7a4036feb3db2281335e6f2c,Employee
Philip_Jones_DVM,SATSkEoZswPz,03f75ecdb6361b981cb94217deab7f874d6d5c20,Employee
Mrs._Felicia_Perez,liWMwwvLSk9i,ac2848ae48b22794b7c51d0f9eb052deb9eaf86f,Employee
Joshua_Clarke,nYIbNa1JOyzk,40034674ee0378d69275653356854b5411636764,Employee
Claudia_Brewer,19VA7MlYpwHe,9981c5f2d53d8044c92129c536d95cca39c4478e,Employee
Anthony_Valenzuela,bHkVYhJiTlfi,c123173fec4d9888c9d49023d4f0e3d01a7a8dcd,Employee
Derek_Ellis,WFD1qVddh2bf,ab5b9b9dac01ff9a34a82581dc4b3743bb37a390,Employee
Matthew_Johnson,wcQes5y48KA3,abd2387247e7b5c8d73e60dc8c74f95a177dd725,Employee
Jennifer_Morris,tPb1d8iJiAuf,20af5e1516abf88def414484ccbd5437acba7560,Employee
Michaela_Walton,P1rCQ1dQsy9n,0e9bde8ee6cea70bf3f5f0ae3d03ac3be834fb6e,Employee
Raymond_Ford,RLgQ9vCcknWr,5683febe0e9141b4769050481d26b3139efa6bae,Employee
Ethan_Camacho,0Lf83UaoODNM,bec46fd5beae9ef50442d424dbf48b0072e26af6,Employee
Timothy_Medina,jGWcEpgjvMbK,a48dec4aef480e28e001a7e3ee6aa5223298a47f,Employee
Kaitlyn_Pham,qxvUWL2alw5U,cd59b857c1fb08d0d121292d24051b9c878f0599,Employee
Michael_Newton,9IclWQMtFhEK,4dc6f4b959ec80cf3608cebdf0bec7501350ab6e,Employee
